Function_objective,Implementation,n_limits,Mean,Std
Rosenbrock,C++,10,3835.43,738.82
Rosenbrock,C++,50,473.157,43.1156
Rosenbrock,C++,100,68.0116,22.3002
Rosenbrock,Python,10,1633.2163,299.0246
Rosenbrock,Python,50,363.4298,73.1742
Rosenbrock,Python,100,26.7841,0.1758
Rastrigin,C++,10,371.862,15.8858
Rastrigin,C++,50,320.893,13.069
Rastrigin,C++,100,262.654,18.0157
Rastrigin,Python,10,303.9353,10.5480
Rastrigin,Python,50,260.5063,14.3951
Rastrigin,Python,100,234.6294,6.6563
Ackley,C++,10,19.9788,0.1801
Ackley,C++,50,4.02969,1.11447
Ackley,C++,100,1.09679,0.2279
Ackley,Python,10,18.6152,0.2228
Ackley,Python,50,5.4733,0.9905
Ackley,Python,100,0.0032,0.0010
Schwefel,C++,10,9531.81,430.158
Schwefel,C++,50,8743.72,244.518
Schwefel,C++,100,8169.22,328.611
Schwefel,Python,10,8243.39,171.3882
Schwefel,Python,50,7996.34,138.8468
Schwefel,Python,100,7821.09,276.2724
